column,missing_count,missing_pct,table
patient_id,0,0.0,patients
age,0,0.0,patients
sex,0,0.0,patients
bmi,0,0.0,patients
systolic_bp,0,0.0,patients
diastolic_bp,0,0.0,patients
heart_rate,0,0.0,patients
temperature_f,0,0.0,patients
smoking_status,0,0.0,patients
alcohol_use,0,0.0,patients
exercise_level,0,0.0,patients
insurance_type,0,0.0,patients
charlson_index,0,0.0,patients
dx_hypertension,0,0.0,patients
dx_type2_diabetes,0,0.0,patients
dx_hyperlipidemia,0,0.0,patients
dx_obesity,0,0.0,patients
dx_coronary_artery_disease,0,0.0,patients
dx_heart_failure,0,0.0,patients
dx_atrial_fibrillation,0,0.0,patients
dx_chronic_kidney_disease,0,0.0,patients
dx_copd,0,0.0,patients
dx_asthma,0,0.0,patients
dx_depression,0,0.0,patients
dx_anxiety,0,0.0,patients
dx_hypothyroidism,0,0.0,patients
dx_osteoarthritis,0,0.0,patients
dx_type1_diabetes,0,0.0,patients
patient_id,0,0.0,diagnoses
visit_date,0,0.0,diagnoses
visit_type,0,0.0,diagnoses
primary_diagnosis,0,0.0,diagnoses
primary_icd10,0,0.0,diagnoses
secondary_diagnoses,0,0.0,diagnoses
secondary_icd10s,0,0.0,diagnoses
provider_specialty,0,0.0,diagnoses
patient_id,0,0.0,lab_results
test_date,0,0.0,lab_results
test_name,0,0.0,lab_results
value,0,0.0,lab_results
unit,0,0.0,lab_results
reference_low,0,0.0,lab_results
reference_high,0,0.0,lab_results
flag,0,0.0,lab_results
is_abnormal,0,0.0,lab_results
delta_from_normal,0,0.0,lab_results
patient_id,0,0.0,medications
medication,0,0.0,medications
dose,0,0.0,medications
unit,0,0.0,medications
frequency,0,0.0,medications
indication,0,0.0,medications
start_date,0,0.0,medications
duration_days,0,0.0,medications
is_generic,0,0.0,medications
adherence_pct,0,0.0,medications
patient_id,0,0.0,outcomes
admission_date,0,0.0,outcomes
discharge_date,0,0.0,outcomes
length_of_stay_days,0,0.0,outcomes
icu_admission,0,0.0,outcomes
icu_days,0,0.0,outcomes
in_hospital_death,0,0.0,outcomes
discharge_disposition,0,0.0,outcomes
readmitted_30d,0,0.0,outcomes
days_to_readmission,9358,0.8506499409144623,outcomes
primary_drg,0,0.0,outcomes
total_charges_usd,0,0.0,outcomes
