condition,anxiety,asthma,chronic_kidney_disease,copd,coronary_artery_disease,depression,hyperlipidemia,hypertension,hypothyroidism,obesity,osteoarthritis,type2_diabetes
anxiety,12108,722,1732,619,753,797,3659,4743,434,4123,1123,1073
asthma,722,8916,1736,620,713,807,3700,4743,456,4190,1158,1159
chronic_kidney_disease,1732,1736,18636,1356,1685,1950,8921,11320,1095,9971,2926,2659
copd,619,620,1356,6997,597,705,3141,4065,359,3473,1083,955
coronary_artery_disease,753,713,1685,597,8267,844,3745,4799,459,4180,1180,1114
depression,797,807,1950,705,844,9988,4120,5348,491,4703,1304,1252
hyperlipidemia,3659,3700,8921,3141,3745,4120,44422,24825,2254,21812,6120,5905
hypertension,4743,4743,11320,4065,4799,5348,24825,55875,2936,27840,7788,7409
hypothyroidism,434,456,1095,359,459,491,2254,2936,5531,2576,734,692
obesity,4123,4190,9971,3473,4180,4703,21812,27840,2576,49313,6806,6517
osteoarthritis,1123,1158,2926,1083,1180,1304,6120,7788,734,6806,14561,1834
type2_diabetes,1073,1159,2659,955,1114,1252,5905,7409,692,6517,1834,12969
