model,target,accuracy,precision,recall,f1,roc_auc,average_precision
xgboost,future_hospitalization,0.59372,0.07291666666666667,0.6772207563764292,0.13165769000598443,0.6944168726854787,0.09008556934816314
logistic_regression,future_hospitalization,0.64548,0.07679666958808064,0.6165347405452947,0.13658061373599611,0.6863209663812755,0.08728816583623991
random_forest,future_hospitalization,0.9482,0.12735849056603774,0.023746701846965697,0.04002965159377316,0.6852339197613349,0.08582326871015332
lightgbm,future_hospitalization,0.73272,0.07832699619771863,0.4529463500439754,0.13355809128630705,0.6747862717223659,0.08360777799863452
dummy_most_frequent,future_hospitalization,0.95452,0.0,0.0,0.0,0.5,0.04548
xgboost,multimorbidity_progression,0.7789514115613597,0.6972168055309342,0.8687872763419483,0.77360346184107,0.8651656675653007,0.7774903048410767
lightgbm,multimorbidity_progression,0.7731899366237757,0.6910856134157105,0.8648111332007953,0.7682496075353218,0.8615579422320427,0.7704847845278355
random_forest,multimorbidity_progression,0.7777991165738429,0.7012184033460629,0.8517782195714602,0.7692000797925393,0.8609767512734965,0.7596623724601734
logistic_regression,multimorbidity_progression,0.7685807566737085,0.6956923645775559,0.8312348133421692,0.7574476650563607,0.8533683616362336,0.7641524494876595
dummy_most_frequent,multimorbidity_progression,0.5652967159592855,0.0,0.0,0.0,0.5,0.4347032840407144
