feature,importance
numeric__medication_indication_count,0.13305708655204934
numeric__medication_unique_count,0.08762374739467575
numeric__medication_count,0.07763511437420846
numeric__baseline_visit_type_count,0.03689117540763498
numeric__medication_generic_rate,0.035407243843692315
numeric__baseline_condition_count,0.035144886752734215
numeric__baseline_specialty_count,0.03276241476562025
numeric__age,0.030036693113861965
numeric__baseline_visit_count,0.029863071569344143
numeric__charlson_index,0.019045572571236964
numeric__lab_unique_test_count,0.018258776366306947
numeric__medication_mean_adherence,0.01785207567901418
numeric__lab_mean_delta_from_normal,0.01740618242560528
numeric__lab_max_glucose_fasting,0.016668608276102663
numeric__medication_mean_duration_days,0.015638072016194608
numeric__lab_mean_glucose_fasting,0.015174141096677573
numeric__bmi,0.014911332928687234
numeric__lab_abnormal_rate,0.014835199241295572
numeric__systolic_bp,0.014682190936784613
numeric__diastolic_bp,0.013548592822941557
numeric__heart_rate,0.012716936891851908
numeric__lab_max_creatinine,0.012650702272847106
numeric__lab_mean_creatinine,0.011660052801519176
numeric__lab_mean_wbc,0.010586085159300356
numeric__temperature_f,0.01046547044972517
numeric__lab_mean_sodium,0.010298171663970566
numeric__lab_mean_hemoglobin,0.01027682039171374
numeric__lab_max_hemoglobin,0.010232397236037161
numeric__lab_max_alt,0.010228858079794083
numeric__lab_max_sodium,0.010211210597631453
numeric__lab_mean_alt,0.010135609163546149
numeric__lab_max_wbc,0.010129579014557528
numeric__lab_max_ast,0.010114326769116456
numeric__lab_mean_ast,0.009935271352461686
numeric__lab_mean_potassium,0.009864420963118984
numeric__lab_max_potassium,0.009801454010170454
numeric__baseline_dx_obesity,0.009278081719310194
numeric__med_indication_hyperlipidemia,0.008742101620676799
numeric__lab_max_total_cholesterol,0.007260213356421691
numeric__lab_mean_total_cholesterol,0.007059482831497628
numeric__lab_mean_ldl,0.007047736408753405
numeric__med_indication_hypertension,0.007002382903203864
numeric__lab_max_ldl,0.00682714187733644
numeric__lab_max_triglycerides,0.006383510626407691
numeric__lab_max_hdl,0.006294937784655284
numeric__lab_mean_hdl,0.006060892978579297
numeric__lab_mean_triglycerides,0.005902186551746388
numeric__lab_test_count,0.004688443641677675
numeric__baseline_dx_hyperlipidemia,0.004616177267668639
numeric__baseline_dx_hypertension,0.004516116988395284
numeric__med_indication_chronic_kidney_disease,0.004377089313796511
numeric__baseline_dx_anxiety,0.0032054136930184463
numeric__med_indication_osteoarthritis,0.0026080740922815584
categorical__sex_F,0.0023559318377510676
categorical__insurance_type_commercial,0.0023525610807028307
categorical__sex_M,0.0023436925583784924
categorical__smoking_status_never,0.002335036563805908
categorical__exercise_level_light,0.0022514092647852486
categorical__alcohol_use_light,0.0021750756158089475
categorical__alcohol_use_none,0.002026833057788095
categorical__exercise_level_moderate,0.0019302611461722687
numeric__lab_mean_egfr,0.0018809370454344468
numeric__med_indication_depression,0.0018692174477159317
numeric__lab_max_egfr,0.00170472451641557
categorical__exercise_level_sedentary,0.001667335307676171
categorical__alcohol_use_moderate,0.0015856529098418658
categorical__smoking_status_former,0.0015512089778578167
numeric__lab_max_hba1c,0.001504680344679354
numeric__lab_mean_hba1c,0.001470027076204303
numeric__med_indication_type2_diabetes,0.0014590464002342993
categorical__insurance_type_medicaid,0.00132889197564882
categorical__smoking_status_current,0.001281274716412984
numeric__med_indication_asthma,0.0012632625959847544
numeric__med_indication_anxiety,0.001185650458544181
categorical__insurance_type_medicare,0.001141204107486315
numeric__lab_mean_bnp,0.001021263184711053
numeric__lab_max_tsh,0.0009297102523885211
numeric__lab_max_bnp,0.0009177551226062609
numeric__baseline_dx_chronic_kidney_disease,0.0009036806489974167
numeric__lab_mean_tsh,0.0008793541499346121
numeric__med_indication_copd,0.0008665689675921188
numeric__med_indication_coronary_artery_disease,0.0007616589399084358
numeric__med_indication_hypothyroidism,0.00069519342451882
categorical__exercise_level_vigorous,0.0006837500071673378
numeric__lab_mean_troponin_i,0.0006595816166250382
categorical__insurance_type_uninsured,0.0006286695498259632
numeric__prior_mean_los,0.0005553183823429053
numeric__lab_max_troponin_i,0.0005160515109358577
categorical__alcohol_use_heavy,0.0005021284034040911
numeric__baseline_dx_osteoarthritis,0.0004756805395720855
numeric__baseline_dx_type2_diabetes,0.00043989550774742396
categorical__insurance_type_tricare,0.00041704213042473173
numeric__prior_hospitalization_count,0.0003536442210624634
numeric__baseline_dx_asthma,0.00024521195784404264
numeric__med_indication_atrial_fibrillation,0.00022130717798251676
numeric__baseline_dx_depression,0.00022070697432902592
numeric__baseline_dx_copd,0.00021136662956323073
numeric__med_indication_heart_failure,0.0001781406334922346
numeric__baseline_dx_coronary_artery_disease,0.00016163888206480748
numeric__baseline_dx_hypothyroidism,0.00011065562102472007
numeric__baseline_dx_heart_failure,7.692007957790566e-05
numeric__baseline_dx_atrial_fibrillation,3.7182105160967646e-05
numeric__baseline_dx_type1_diabetes,2.693498033619955e-05
numeric__prior_readmission_rate,1.5197523269977597e-05
numeric__prior_icu_admission_count,4.347262802147333e-06
