group,patients,observed_rate,mean_predicted,calibration_gap,brier,auroc,auroc_low,auroc_high,attribute,model
F,5320,0.431203007518797,0.4273195266723633,0.0038834808464336956,0.14738024771213531,0.8582034745659674,0.8489974516211338,0.8671189809474121,sex,GRU
M,5094,0.43835885355319987,0.43581315875053406,0.00254569480266581,0.15326368808746338,0.849568912688873,0.8395024139730438,0.8595206734645146,sex,GRU
F,5320,0.431203007518797,0.43230954479492667,-0.0011065372761296932,0.140194901397228,0.8675295074192799,0.8579639968331404,0.8760713187316074,sex,XGBoost + isotonic
M,5094,0.43835885355319987,0.4376872634949564,0.0006715900582434653,0.14685954183011138,0.8601191682764318,0.849542812851632,0.8700828496609283,sex,XGBoost + isotonic
<50,2039,0.18734673859735165,0.19970236718654633,-0.012355628589194673,0.09043305367231369,0.9162904005535774,0.9042434829866997,0.9289266257481236,age_band,GRU
50-64,2566,0.35074045206547155,0.35285812616348267,-0.002117674098011113,0.13965767621994019,0.8674556489262372,0.8527478055832617,0.8816748992923668,age_band,GRU
65-79,2796,0.48605150214592274,0.47859349846839905,0.007458003677523695,0.16333171725273132,0.8270720775386954,0.8138638889639268,0.8405235458328192,age_band,GRU
80+,3013,0.6259541984732825,0.6115491986274719,0.014404999845810562,0.18763960897922516,0.7386505526642396,0.7185023515582152,0.7567498571945858,age_band,GRU
<50,2039,0.18734673859735165,0.18831381256463278,-0.000967073967281129,0.0812290198434789,0.92863213970874,0.9163038325894083,0.9408020069103219,age_band,XGBoost + isotonic
50-64,2566,0.35074045206547155,0.35606324845570736,-0.005322796390235807,0.13290003983623885,0.8765519541149793,0.8624790523132871,0.8899444727191137,age_band,XGBoost + isotonic
65-79,2796,0.48605150214592274,0.48895442738092487,-0.0029029252350021295,0.15687676612221943,0.8376787037421085,0.8235954809042578,0.8513442095678994,age_band,XGBoost + isotonic
80+,3013,0.6259541984732825,0.6188911252036577,0.007063073269624742,0.18209906065631348,0.7503460326451573,0.7341758074863814,0.767455114601995,age_band,XGBoost + isotonic
commercial,5082,0.44037780401416765,0.4357019066810608,0.00467589733310686,0.14789551496505737,0.8578951784105008,0.8482102895629677,0.8676493466533796,insurance,GRU
medicaid,1993,0.41595584545910685,0.4209049642086029,-0.004949118749496051,0.14974497258663177,0.8554151691890615,0.8393378491907346,0.8705365128261293,insurance,GRU
medicare,1885,0.44190981432360743,0.43976789712905884,0.0021419171945485926,0.15447209775447845,0.8460053222810038,0.8278582185316766,0.8647131020224567,insurance,GRU
tricare,522,0.41762452107279696,0.42165613174438477,-0.004031610671587804,0.15773707628250122,0.8385592708836311,0.7991043972549504,0.8731060018454891,insurance,GRU
uninsured,932,0.4388412017167382,0.4197474420070648,0.019093759709673364,0.1515265554189682,0.8548668346524425,0.8352965440986204,0.8775089479664282,insurance,GRU
commercial,5082,0.44037780401416765,0.43957876467645546,0.0007990393377121929,0.1419704083606593,0.8666116144990819,0.8566216408030479,0.876243097461455,insurance,XGBoost + isotonic
medicaid,1993,0.41595584545910685,0.4245875970064674,-0.008631751547360567,0.14069969413643998,0.8738294803079105,0.8580810513791833,0.8871070299621008,insurance,XGBoost + isotonic
medicare,1885,0.44190981432360743,0.4408875848524846,0.0010222294711228486,0.1477494944844199,0.8536424075333555,0.8389089144263802,0.8725117160047225,insurance,XGBoost + isotonic
tricare,522,0.41762452107279696,0.42456403157363337,-0.00693951050083641,0.14926443045990387,0.8525169000482858,0.820269162775844,0.8812920170206883,insurance,XGBoost + isotonic
uninsured,932,0.4388412017167382,0.4255663237170728,0.013274877999665369,0.1455015515127077,0.8569144534774458,0.8361382793586553,0.8795652918671765,insurance,XGBoost + isotonic
