budget,group,patients,selection_rate,ratio_to_budget,attribute,rule
0.1,F,5320,0.09605263157894736,0.9605263157894736,sex,dropout SD
0.1,M,5094,0.10404397330192383,1.0404397330192383,sex,dropout SD
0.25,F,5320,0.24981203007518796,0.9992481203007518,sex,dropout SD
0.25,M,5094,0.2502944640753828,1.0011778563015312,sex,dropout SD
0.5,F,5320,0.5007518796992482,1.0015037593984963,sex,dropout SD
0.5,M,5094,0.49921476246564583,0.9984295249312917,sex,dropout SD
0.1,F,5320,0.09360902255639098,0.9360902255639098,sex,closeness to 50% risk
0.1,M,5094,0.10659599528857479,1.0659599528857477,sex,closeness to 50% risk
0.25,F,5320,0.243796992481203,0.975187969924812,sex,closeness to 50% risk
0.25,M,5094,0.2565763643502159,1.0263054574008637,sex,closeness to 50% risk
0.5,F,5320,0.4913533834586466,0.9827067669172932,sex,closeness to 50% risk
0.5,M,5094,0.5090302316450727,1.0180604632901453,sex,closeness to 50% risk
0.1,<50,2039,0.2633643943109367,2.6336439431093672,age_band,dropout SD
0.1,50-64,2566,0.09664848012470771,0.966484801247077,age_band,dropout SD
0.1,65-79,2796,0.030758226037195996,0.30758226037195996,age_band,dropout SD
0.1,80+,3013,0.05642217059409227,0.5642217059409227,age_band,dropout SD
0.25,<50,2039,0.359980382540461,1.439921530161844,age_band,dropout SD
0.25,50-64,2566,0.28020265003897116,1.1208106001558846,age_band,dropout SD
0.25,65-79,2796,0.19062947067238914,0.7625178826895566,age_band,dropout SD
0.25,80+,3013,0.20511118486558247,0.8204447394623299,age_band,dropout SD
0.5,<50,2039,0.43992153016184404,0.8798430603236881,age_band,dropout SD
0.5,50-64,2566,0.47856586126266565,0.9571317225253313,age_band,dropout SD
0.5,65-79,2796,0.48605150214592274,0.9721030042918455,age_band,dropout SD
0.5,80+,3013,0.5718552937271822,1.1437105874543645,age_band,dropout SD
0.1,<50,2039,0.051495831289847964,0.5149583128984796,age_band,closeness to 50% risk
0.1,50-64,2566,0.09742790335151988,0.9742790335151987,age_band,closeness to 50% risk
0.1,65-79,2796,0.10264663805436337,1.0264663805436336,age_band,closeness to 50% risk
0.1,80+,3013,0.13242615333554597,1.3242615333554597,age_band,closeness to 50% risk
0.25,<50,2039,0.1613536047081903,0.6454144188327612,age_band,closeness to 50% risk
0.25,50-64,2566,0.2357755261106781,0.9431021044427124,age_band,closeness to 50% risk
0.25,65-79,2796,0.275035765379113,1.100143061516452,age_band,closeness to 50% risk
0.25,80+,3013,0.299037504148689,1.196150016594756,age_band,closeness to 50% risk
0.5,<50,2039,0.2898479646885728,0.5796959293771456,age_band,closeness to 50% risk
0.5,50-64,2566,0.46297739672642246,0.9259547934528449,age_band,closeness to 50% risk
0.5,65-79,2796,0.5504291845493562,1.1008583690987124,age_band,closeness to 50% risk
0.5,80+,3013,0.6269498838367076,1.2538997676734152,age_band,closeness to 50% risk
0.1,commercial,5082,0.09602518693427785,0.9602518693427784,insurance,dropout SD
0.1,medicaid,1993,0.09884596086302057,0.9884596086302057,insurance,dropout SD
0.1,medicare,1885,0.10822281167108753,1.0822281167108754,insurance,dropout SD
0.1,tricare,522,0.08620689655172414,0.8620689655172414,insurance,dropout SD
0.1,uninsured,932,0.1148068669527897,1.148068669527897,insurance,dropout SD
0.25,commercial,5082,0.25088547815820544,1.0035419126328218,insurance,dropout SD
0.25,medicaid,1993,0.2523833416959358,1.0095333667837432,insurance,dropout SD
0.25,medicare,1885,0.25517241379310346,1.0206896551724138,insurance,dropout SD
0.25,tricare,522,0.2222222222222222,0.8888888888888888,insurance,dropout SD
0.25,uninsured,932,0.24570815450643776,0.9828326180257511,insurance,dropout SD
0.5,commercial,5082,0.5041322314049587,1.0082644628099173,insurance,dropout SD
0.5,medicaid,1993,0.49573507275464124,0.9914701455092825,insurance,dropout SD
0.5,medicare,1885,0.5124668435013262,1.0249336870026524,insurance,dropout SD
0.5,tricare,522,0.46551724137931033,0.9310344827586207,insurance,dropout SD
0.5,uninsured,932,0.48068669527896996,0.9613733905579399,insurance,dropout SD
0.1,commercial,5082,0.10232192050373869,1.0232192050373867,insurance,closeness to 50% risk
0.1,medicaid,1993,0.09834420471650777,0.9834420471650777,insurance,closeness to 50% risk
0.1,medicare,1885,0.09549071618037135,0.9549071618037134,insurance,closeness to 50% risk
0.1,tricare,522,0.10344827586206896,1.0344827586206895,insurance,closeness to 50% risk
0.1,uninsured,932,0.09763948497854077,0.9763948497854077,insurance,closeness to 50% risk
0.25,commercial,5082,0.24950806768988587,0.9980322707595435,insurance,closeness to 50% risk
0.25,medicaid,1993,0.2408429503261415,0.963371801304566,insurance,closeness to 50% risk
0.25,medicare,1885,0.26153846153846155,1.0461538461538462,insurance,closeness to 50% risk
0.25,tricare,522,0.27011494252873564,1.0804597701149425,insurance,closeness to 50% risk
0.25,uninsured,932,0.23819742489270387,0.9527896995708155,insurance,closeness to 50% risk
0.5,commercial,5082,0.49783549783549785,0.9956709956709957,insurance,closeness to 50% risk
0.5,medicaid,1993,0.49573507275464124,0.9914701455092825,insurance,closeness to 50% risk
0.5,medicare,1885,0.5045092838196287,1.0090185676392573,insurance,closeness to 50% risk
0.5,tricare,522,0.49616858237547895,0.9923371647509579,insurance,closeness to 50% risk
0.5,uninsured,932,0.5139484978540773,1.0278969957081545,insurance,closeness to 50% risk
