attribute,group,patients,lab_visits_per_year,share_no_lab_before_cutoff
sex,F,50703,0.3674057043680143,0.19271049050352052
sex,M,49297,0.36842867865039597,0.19490029819258778
age_band,<50,12559,0.36515646150171194,0.19356636674894498
age_band,50-64,20943,0.3690561455924584,0.19376402616626082
age_band,65-79,28409,0.36698128862583784,0.19360061952198246
age_band,80+,38089,0.3688804041661822,0.19401927065556984
insurance,commercial,48723,0.3683505296706454,0.1921884941403444
insurance,medicaid,19057,0.36683183532110436,0.199034475520806
insurance,medicare,18053,0.36942811246251117,0.1929873151276796
insurance,tricare,5055,0.3674438321322594,0.18931750741839762
insurance,uninsured,9112,0.3650602031857519,0.19545654082528532
