controller,setting,visits_kept,share_of_observed,measurements_per_patient_year,spend_per_patient_year,brier,brier_skill_score,roc_auc,average_precision,calibration_slope,mean_predicted,observed_rate,keep_ratio_age_<50,keep_ratio_age_50-64,keep_ratio_age_65-79,keep_ratio_age_80+,roc_auc_sd,brier_sd
keep all (observed),,15183.0,1.0,0.3644853082389092,50.941728509075475,0.14345490508122147,0.4162242925398383,0.8639943552170548,0.7693804019821285,0.8865060577618912,0.43494005171426137,0.4347032840407144,1.0,1.0,1.0,1.0,,
keep none,,0.0,0.0,0.0,0.0,0.14357114272008006,0.41575127483563523,0.8640832467775683,0.7688510406233398,0.8873879460229298,0.4350660910496507,0.4347032840407144,,,,,,
fixed interval,6-month,13347.0,0.8790752815649081,0.32041002496639137,44.78161433251862,0.14353704353057292,0.41589003815270054,0.8641992110526918,0.7687411856743974,0.8777850844200686,0.43493203802495,0.4347032840407144,1.0006519686489705,0.9957851613939588,1.0003340447400637,1.0028139721705525,,
fixed interval,12-month,11858.0,0.781005071461503,0.2846648742077972,39.78574831460297,0.14361484753183196,0.4155734223781997,0.8646279655551019,0.7698262367329687,0.8753005281759741,0.4347545926160259,0.4347032840407144,1.0025049632278105,0.9977825306957816,0.9982158618080949,1.0018630675598992,,
threshold,tau=0.02,514.0,0.03385365211091352,0.012339158824659113,1.7245635548748464,0.14359263846455836,0.41566380000559655,0.8638982029908764,0.7683936342315457,0.8860032125410593,0.43485984972810304,0.4347032840407144,0.09986109028342319,0.3100989259024567,1.1399725170941786,2.058976449837356,,
random (matched),matched to tau=0.02,514.0,0.03385365211091352,0.012339158824659113,1.7245635548748464,0.14357070325490134,0.415753063196204,0.8640710481087955,0.7684913088452093,0.8858905081689643,0.4350637809311732,0.43470328404071445,0.9586664667208625,0.9668725484548393,1.0266922292319898,1.0308339611604018,0.0002771445533778887,8.20034831823539e-05
threshold,tau=0.05,1506.0,0.09918988342224856,0.03615325523333973,5.052904112143032,0.14364523347352642,0.4154497697599816,0.8637586556234005,0.7682096357927036,0.884482982779392,0.4347325190701433,0.4347032840407144,0.12269784957532952,0.4287764152005706,1.250421131009941,1.8395034894590203,,
random (matched),matched to tau=0.05,1506.0,0.09918988342224856,0.03615325523333973,5.052904112143032,0.14356389438177658,0.41578077123953056,0.8640815845166436,0.7683723993862663,0.8841092375954676,0.43500043854984155,0.43470328404071445,0.9877176890814028,0.9905277946089128,1.0076779290604572,1.0090859341676575,0.00031349389639879767,6.367784018740287e-05
threshold,tau=0.1,3248.0,0.21392346703550022,0.07797196082197043,10.897631179442609,0.14362045154511355,0.415550617394179,0.8638878654539742,0.7689520091419422,0.8842213067456116,0.4349847984745625,0.4347032840407144,0.20860145485066797,0.9600797094723164,1.2798334449280215,1.3044070575759956,,
random (matched),matched to tau=0.1,3248.0,0.21392346703550022,0.07797196082197043,10.897631179442609,0.14357378125502482,0.4157405375757056,0.8641820180965807,0.768857655461993,0.881603345394479,0.4349698284856435,0.43470328404071445,0.97979471217738,1.000596834826194,1.0113861106461333,1.0024235134710549,0.0003628173606563287,0.00012523241959466362
threshold,tau=0.15,3548.0,0.23368240795626688,0.08517380449395046,11.904185783455166,0.14352058061876496,0.4159570323623589,0.8639236997470475,0.7691110664226544,0.8854762320027134,0.4347277583304162,0.4347032840407144,0.21845035685618958,0.9238246178917549,1.2536723136787031,1.353003520864525,,
random (matched),matched to tau=0.15,3548.0,0.23368240795626688,0.08517380449395046,11.904185783455166,0.14355098692567253,0.4158332968698977,0.8642246140018127,0.7689328913903788,0.8815475078818477,0.434913505899264,0.43470328404071445,0.9875113482783775,0.9957032415282205,1.0120781296176706,1.0007157165126235,0.00038399514912319143,0.00012416398654577215
threshold,tau=0.2,4289.0,0.2824869920305605,0.10296235836374112,14.39037565536618,0.14347963561873428,0.41612365403588303,0.8638181668158762,0.7689086613128759,0.8859498616987643,0.43489659590208773,0.4347032840407144,0.6953116538983398,0.999581514199365,1.0637142430285649,1.145858797549062,,
random (matched),matched to tau=0.2,4289.0,0.2824869920305605,0.10296235836374112,14.39037565536618,0.14358264922274563,0.4157044502482837,0.864285971317031,0.7691985131219697,0.8793864746939997,0.4348362896094552,0.43470328404071445,0.9944991125465068,0.9955793765829328,1.0047717575101809,1.0029691572072648,0.00043801981102130404,8.854786170100153e-05
threshold,tau=0.3,7712.0,0.5079365079365079,0.18513539466103324,25.875163687149445,0.14338153994424627,0.41652284479022217,0.8643254378190776,0.7703216292948807,0.8850619899901344,0.4349507864533178,0.4347032840407144,0.5903587728194727,0.8839502018842531,1.0842460558252427,1.2951594533029616,,
random (matched),matched to tau=0.3,7712.0,0.5079365079365079,0.18513539466103324,25.875163687149445,0.14356726317863566,0.4157670622501545,0.8640066889679794,0.7682038776204838,0.8803819423900215,0.4347325344322708,0.43470328404071445,1.0080692190669374,0.9972526917900405,0.9968947208737866,0.9998021070615035,0.0004419410231667339,0.00010052275206759621
threshold,tau=0.4,8404.0,0.5535137983270764,0.20174764739773382,28.196949640405077,0.14356647976551137,0.4157702502732521,0.8640654234380817,0.7682896364927594,0.8546545482409823,0.43495403111999775,0.4347032840407144,0.6217576774509964,0.8442332466178061,1.0734597024995032,1.3177358324867536,,
random (matched),matched to tau=0.4,8404.0,0.5535137983270764,0.20174764739773382,28.196949640405073,0.14357678281758252,0.4157283230104065,0.8640081110828565,0.7682547288094524,0.8809290340130659,0.43474335125651953,0.43470328404071445,1.0033629788963627,0.9974207308831339,0.9984753850454936,1.0013475414137318,0.00029481272441579274,0.00010620965903690319
