feature,mean_abs_shap
numeric__prior_hospitalization_count,0.5231767
numeric__age,0.39903852
numeric__charlson_index,0.3737435
numeric__lab_max_hemoglobin,0.03784748
numeric__medication_mean_adherence,0.03745491
numeric__lab_mean_alt,0.034939233
numeric__lab_max_glucose_fasting,0.02502388
numeric__lab_max_wbc,0.024284735
numeric__diastolic_bp,0.02401516
numeric__lab_mean_ast,0.018865371
numeric__systolic_bp,0.017188128
numeric__lab_max_alt,0.015744124
numeric__lab_max_hdl,0.01442715
numeric__lab_mean_wbc,0.013562481
numeric__lab_mean_creatinine,0.013488517
numeric__lab_mean_tsh,0.013380441
numeric__prior_mean_los,0.013286483
numeric__lab_mean_delta_from_normal,0.013087778
numeric__lab_mean_hba1c,0.012713823
numeric__temperature_f,0.012548833
