threshold,n_flagged,flag_rate,precision,recall,f1,true_positives,of_actual_positives
0.05,23367,0.93468,0.04865836435999486,1.0,0.09280117531831537,1137,1137
0.1,23329,0.93316,0.048737622701358826,1.0,0.09294531186135863,1137,1137
0.15,22982,0.91928,0.04925593943085893,0.9956024626209323,0.09386790497118454,1132,1137
0.2,21369,0.85476,0.051850811923814875,0.9744942832014072,0.09846263218697236,1108,1137
0.25,17808,0.71232,0.059355345911949686,0.9296394019349165,0.11158617049353392,1057,1137
0.3,16462,0.65848,0.06268983112623011,0.9076517150395779,0.1172793908744815,1032,1137
0.35,16024,0.64096,0.06340489266100849,0.8935795954265612,0.1184080181807587,1016,1137
0.4,15073,0.60292,0.06461885490612353,0.8566402814423922,0.12017273288093769,974,1137
0.45,13214,0.52856,0.06742848494021492,0.783641160949868,0.12417253153090377,891,1137
0.5,10560,0.4224,0.07291666666666667,0.6772207563764292,0.13165769000598443,770,1137
0.55,7300,0.292,0.0852054794520548,0.5470536499560247,0.14744577456441862,622,1137
0.6,4842,0.19368,0.09169764560099132,0.39050131926121373,0.14851981936778724,444,1137
0.65,3265,0.1306,0.1004594180704441,0.2884784520668426,0.1490231712857792,328,1137
0.7,1545,0.0618,0.11197411003236246,0.1521547933157432,0.12900820283370618,173,1137
0.75,271,0.01084,0.14391143911439114,0.03430079155672823,0.05539772727272727,39,1137
0.8,25,0.001,0.12,0.002638522427440633,0.0051635111876075735,3,1137
0.85,0,0.0,0.0,0.0,0.0,0,1137
0.9,0,0.0,0.0,0.0,0.0,0,1137
0.95,0,0.0,0.0,0.0,0.0,0,1137
