group,patients,observed_rate,mean_predicted,calibration_gap,brier,auroc,auroc_low,auroc_high,model
<50,2039,0.18734673859735165,0.18831381256463278,-0.000967073967281129,0.0812290198434789,0.92863213970874,0.9163038325894083,0.9408020069103219,XGBoost + isotonic
50-64,2566,0.35074045206547155,0.35606324845570736,-0.005322796390235807,0.13290003983623885,0.8765519541149793,0.8624790523132871,0.8899444727191137,XGBoost + isotonic
65-79,2796,0.48605150214592274,0.48895442738092487,-0.0029029252350021295,0.15687676612221943,0.8376787037421085,0.8235954809042578,0.8513442095678994,XGBoost + isotonic
80+,3013,0.6259541984732825,0.6188911252036577,0.007063073269624742,0.18209906065631348,0.7503460326451573,0.7341758074863814,0.767455114601995,XGBoost + isotonic
<50,2039,0.18734673859735165,0.19970236718654633,-0.012355628589194673,0.09043305367231369,0.9162904005535774,0.9042434829866997,0.9289266257481236,GRU
50-64,2566,0.35074045206547155,0.35285812616348267,-0.002117674098011113,0.13965767621994019,0.8674556489262372,0.8527478055832617,0.8816748992923668,GRU
65-79,2796,0.48605150214592274,0.47859349846839905,0.007458003677523695,0.16333171725273132,0.8270720775386954,0.8138638889639268,0.8405235458328192,GRU
80+,3013,0.6259541984732825,0.6115491986274719,0.014404999845810562,0.18763960897922516,0.7386505526642396,0.7185023515582152,0.7567498571945858,GRU
<50,2039,0.18734673859735165,0.21742165088653564,-0.03007491228918399,0.09863504022359848,0.9050940480967624,0.8915844743376368,0.9181326830462582,Transformer
50-64,2566,0.35074045206547155,0.35272565484046936,-0.0019852027749978074,0.14407652616500854,0.8593187274909964,0.8436432196603955,0.8724446872342889,Transformer
65-79,2796,0.48605150214592274,0.4721338152885437,0.013917686857379041,0.16809166967868805,0.8174739602935761,0.8024751649379684,0.8322102053550609,Transformer
80+,3013,0.6259541984732825,0.6098500490188599,0.016104149454422623,0.1916685551404953,0.7297842600547065,0.7122780521553893,0.7464959057117089,Transformer
